,scores_kit,scores_membrane,iou_masks_kit,iou_masks_membrane,iou_boxes_kit,iou_boxes_membrane
mean,0.9808965027332306,0.9741864502429962,0.9345169812440872,0.9262122437357903,0.8881643787026405,0.9077360033988953
min,0.95342618227005,0.8352535367012024,0.8952598571777344,0.8783548474311829,0.6445512175559998,0.8459330797195435
max,0.9895530939102173,0.9957862496376038,0.9654393792152405,0.9597615599632263,0.9696730375289917,0.9472906589508057
