,scores_kit,scores_membrane,iou_masks_kit,iou_masks_membrane,iou_boxes_kit,iou_boxes_membrane
mean,0.9779949553310872,0.9895110741257668,0.9323717273771763,0.9053753674030304,0.9039443135261536,0.9031736150383949
min,0.8807649612426758,0.8352535367012024,0.7732847332954407,0.7682579755783081,0.6327858567237854,0.7502804398536682
max,0.990747332572937,0.9957862496376038,0.9758785367012024,0.9658814072608948,0.9906433820724487,0.9774304032325745
