,scores_kit,scores_membrane,iou_masks_kit,iou_masks_membrane,iou_boxes_kit,iou_boxes_membrane
mean,0.9825258888304234,0.9819912798702717,0.9373003542423248,0.9165648072957993,0.9103868082165718,0.9017452895641327
min,0.95342618227005,0.8352535367012024,0.8952598571777344,0.8783548474311829,0.6445512175559998,0.8409948348999023
max,0.9904804825782776,0.9957862496376038,0.9654393792152405,0.9597615599632263,0.9748784303665161,0.9478261470794678
