image_names,scores_kit,scores_membrane,iou_masks_kit,iou_masks_membrane,iou_boxes_kit,iou_boxes_membrane
IMG_1074,0.9970017075538635,0.9978421926498413,0.9670315980911255,0.9063142538070679,0.9404399394989014,0.8796975016593933
IMG_0264,0.9966779947280884,0.9972994923591614,0.9638835191726685,0.9435269236564636,0.9701992869377136,0.9154530763626099
IMG_0254,0.9975035786628723,0.9981714487075806,0.959930419921875,0.9554643034934998,0.9345460534095764,0.9493269920349121
IMG_1372,0.9973791837692261,0.9987026453018188,0.9697154760360718,0.9234771728515625,0.92855304479599,0.9104348421096802
SH00065_8b8fc623f4254b2fb6b3830cac555aa5,0.9830568432807922,0.907230794429779,0.8717144727706909,0.8984456062316895,0.7582502365112305,0.9265989065170288
IMG_1338,0.9972865581512451,0.9978997707366943,0.956547200679779,0.9185423254966736,0.9186421036720276,0.937973141670227
IMG_0265,0.994683563709259,0.9984042048454285,0.9622657895088196,0.9251012206077576,0.9528893828392029,0.8664900660514832
IMG_0268,0.9952990412712097,0.9987205266952515,0.9426155686378479,0.9474471211433411,0.9709194302558899,0.9078722596168518
