,scores_kit,scores_membrane,iou_masks_kit,iou_masks_membrane,iou_boxes_kit,iou_boxes_membrane
mean,0.9202087596058846,0.9308123663067818,0.9067854732275009,0.9166017845273018,0.6991723999381065,0.8957280665636063
min,0.8533079028129578,0.7310730814933777,0.8115562796592712,0.8406520485877991,0.42587798833847046,0.8081230521202087
max,0.951701819896698,0.9717388153076172,0.9482548236846924,0.9470831751823425,0.7735562920570374,0.9531723260879517
