,scores_kit,scores_membrane,iou_masks_kit,iou_masks_membrane,iou_boxes_kit,iou_boxes_membrane
mean,0.9191099748015403,0.9470501750707626,0.9134312771260739,0.9022149004042148,0.7148074053227902,0.8670390263199806
min,0.7755467295646667,0.7310730814933777,0.6748420596122742,0.7858800292015076,0.42587798833847046,0.7055696845054626
max,0.9602915644645691,0.9717388153076172,0.9599198698997498,0.9470831751823425,0.9097608923912048,0.9643308520317078
