,scores_kit,scores_membrane,iou_masks_kit,iou_masks_membrane,iou_boxes_kit,iou_boxes_membrane
mean,0.925230972468853,0.9350169785320759,0.9160751849412918,0.911027655005455,0.705525603145361,0.8710518628358841
min,0.8533079028129578,0.7310730814933777,0.8115562796592712,0.8406520485877991,0.42587798833847046,0.7755386829376221
max,0.9540155529975891,0.9717388153076172,0.9482548236846924,0.9470831751823425,0.8292288780212402,0.9531723260879517
